id_evento|nombre|fecha|hora|precio|ciudad|pais|direccion
http://www.last.fm/event/4226393+The+Kills+at+La+Cigale+on+03+May+2016|The Kills|2016-05-03|7:30pm|null|Paris|France|120 bd Rochechouart 75018 
http://www.last.fm/event/4207529+Emmanuel+Moire+at+Th%C3%A9%C3%A2tre+du+Ch%C3%A2telet+on+03+May+2016|Emmanuel Moire|2016-05-03|8:00pm|null|Paris|France|1, place du Châtelet 75001 
http://www.last.fm/event/4218263+Bertrand+Belin+at+104+%2F+Cent+Quatre+on+03+May+2016|Bertrand Belin|2016-05-03|null|null|Paris|France|104 rue d'Aubervilliers / 5 rue Curial 75019 
http://www.last.fm/event/4235129+Fearless+Vampire+Killers+at+O%27Sullivans+on+03+May+2016|Fearless Vampire Killers|2016-05-03|null|null|Paris|France|92 boulevard de Clichy 75018 
http://www.last.fm/event/4221258+Mac+miller|Mac miller|2016-05-03|8:00pm|null|Paris|France|80, boulevard de Rochechouart 75018 
http://www.last.fm/event/4191287+Dionysos+at+Le+Grand+Rex+on+03+May+2016|Dionysos|2016-05-03|8:00pm|null|Paris|France|1, bd Poissonnière 75002 
http://www.last.fm/event/4239078+Jake+Bugg+at+La+Fl%C3%A8che+d%27Or+on+03+May+2016|Jake Bugg|2016-05-03|8:00pm|null|Paris|France|
http://www.last.fm/event/4229768+The+King+Khan+&+BBQ+Show|The King Khan & BBQ Show|2016-05-03|8:30pm|null|Paris|France|8, passage Thiéré 75011 
http://www.last.fm/event/4218262+Bertrand+Belin+at+104+%2F+Cent+Quatre+on+04+May+2016|Bertrand Belin|2016-05-04|null|null|Paris|France|104 rue d'Aubervilliers / 5 rue Curial 75019 
http://www.last.fm/event/4198693+Buzzcocks+at+Le+Plan+on+04+May+2016|Buzzcocks|2016-05-04|null|null|Ris-Orangis|France|1 rue Rory Gallagher 91130 
http://www.last.fm/event/4237371+The+BellRays+at+Divan+du+Monde+on+04+May+2016|The BellRays|2016-05-04|null|null|Paris|France|75 rue des Martyrs 75018 
http://www.last.fm/event/4207530+Emmanuel+Moire+at+Th%C3%A9%C3%A2tre+du+Ch%C3%A2telet+on+04+May+2016|Emmanuel Moire|2016-05-04|8:00pm|null|Paris|France|1, place du Châtelet 75001 
http://www.last.fm/event/4242260+Yung+Lean|Yung Lean|2016-05-04|7:00pm|null|Paris|France|211 Avenue Jean Jaurès - Parc de la Villette 75019 
http://www.last.fm/event/4231859+Violence+Conjugale+at+La+M%C3%A9canique+Ondulatoire+on+04+May+2016|Violence Conjugale|2016-05-04|null|null|Paris|France|8, passage Thiéré 75011 
http://www.last.fm/event/4190186+Impericon+Festival+2016|Impericon Festival 2016|2016-05-04|null|null|Paris|France|Parc de la Villette 75019 
http://www.last.fm/event/4229826+SNFU+at+Gibus+on+05+May+2016|SNFU|2016-05-05|null|null|Paris|France|18 rue du Faubourg du Temple 75011 
http://www.last.fm/event/4206890+Pelican+at+La+Maroquinerie+on+05+May+2016|Pelican|2016-05-05|null|null|Paris|France|23 Rue Boyer 75020 
http://www.last.fm/event/4240977+HOLD+YOUTH+RESIDENCY%09|HOLD YOUTH RESIDENCY|2016-05-04|11:30pm|null|Paris|France|5 boulevard Poissonnière 75002 
http://www.last.fm/event/4211591+Radiation+City+at+Espace+B+on+05+May+2016|Radiation City|2016-05-05|null|null|Paris|France|16 rue Barbanègre 75019 
http://www.last.fm/event/4212324+Pelican+at+La+Maroquinerie+on+05+May+2016|Pelican|2016-05-05|8:30pm|null|Paris|France|23 Rue Boyer 75020 
http://www.last.fm/event/4202313+Fr%C3%A9ro+Delavega|Fréro Delavega|2016-05-05|8:00pm|null|Paris|France|28 Boulevard des Capucines 75009 
http://www.last.fm/event/4231690+Prince+Rama+at+Point+Eph%C3%A9m%C3%A8re+on+05+May+2016|Prince Rama|2016-05-05|8:00pm|null|Paris|France|200 quai de Valmy 75010 
http://www.last.fm/event/4201466+Kevin+Morby+at+La+Maroquinerie+on+06+May+2016|Kevin Morby|2016-05-06|null|null|Paris|France|23 Rue Boyer 75020 
http://www.last.fm/event/4216163+Hacride+at+Le+Caf%C3%A9+de+la+Plage+on+06+May+2016|Hacride|2016-05-06|8:00pm|null|Maurepas|France|Place Jean Moulin 78310 
http://www.last.fm/event/4240979+OPEN+MINDED|OPEN MINDED|2016-05-05|11:30pm|null|Paris|France|5 boulevard Poissonnière 75002 
http://www.last.fm/event/4240582+THE+TEXAS+CHAINSAW+DUST+LOVERS+at+La+M%C3%A9canique+Ondulatoire+on+06+May+2016|THE TEXAS CHAINSAW DUST LOVERS|2016-05-06|null|null|Paris|France|8, passage Thiéré 75011 
http://www.last.fm/event/4214946+Anneke+van+Giersbergen+at+La+Maroquinerie+on+07+May+2016|Anneke van Giersbergen|2016-05-07|null|null|Paris|France|23 Rue Boyer 75020 
http://www.last.fm/event/4240981+BTRAX+NIGHT+20TH+ANNIVERSARY|BTRAX NIGHT 20TH ANNIVERSARY|2016-05-06|11:30pm|null|Paris|France|5 boulevard Poissonnière 75002 
http://www.last.fm/event/4229526+This+Will+Destroy+You+at+Petit+Bain+on+07+May+2016|This Will Destroy You|2016-05-07|null|null|Paris|France|7, port de la gare 75013 
http://www.last.fm/event/4197450+Michel+Polnareff+at+POPB+%2F+Palais+Omnisports+de+Paris+Bercy+on+07+May+2016|Michel Polnareff|2016-05-07|8:30pm|null|Paris|France|8, boulevard de Bercy 75012 
http://www.last.fm/event/4227426+The+Ocean+at+La+Batterie+on+07+May+2016|The Ocean|2016-05-07|null|null|Guyancourt|France|1 rue de la Redoute 78280 
http://www.last.fm/event/4240982+LUMIERE+NOIRE|LUMIERE NOIRE|2016-05-07|11:30pm|null|Paris|France|5 boulevard Poissonnière 75002 
http://www.last.fm/event/4199856+Conflict+at+Pub+ADK+on+08+May+2016|Conflict|2016-05-08|null|null|Roissy-en-Brie|France|Ferme de l'Ayau 77680 
http://www.last.fm/event/4230716+Long+Distance+Calling+at+Batofar+on+08+May+2016|Long Distance Calling|2016-05-08|null|null|Paris|France|11 Quai François Mauriac 75013 
http://www.last.fm/event/4229809+The+Boxer+Rebellion+@+Point+Eph%C3%A9m%C3%A8re|The Boxer Rebellion @ Point Ephémère|2016-05-08|8:00pm|null|Paris|France|200 quai de Valmy 75010 
http://www.last.fm/event/4229808+The+Boxer+Rebellion+@+Point+Eph%C3%A9m%C3%A8re|The Boxer Rebellion @ Point Ephémère|2016-05-08|8:00pm|null|Paris|France|200 quai de Valmy 75010 
http://www.last.fm/event/4232802+Vulcano+at+Le+Klub+on+08+May+2016|Vulcano|2016-05-08|null|null|Paris|France|14, rue Saint-Denis 75001 
http://www.last.fm/event/4225258+Bak+XIII+at+Le+Gibus+Caf%C3%A9+on+08+May+2016|Bak XIII|2016-05-08|7:30pm|null|Paris|France|127 Rue Saint-Maur 75011 
http://www.last.fm/event/4240983+MONDO+ALTERANO+REBOLLEDO+ALBUM+RELEASE+PARTY|MONDO ALTERANO REBOLLEDO ALBUM RELEASE PARTY|2016-05-08|11:30pm|null|Paris|France|5 boulevard Poissonnière 75002 
http://www.last.fm/event/4225050+coldrain+at+O%27Sullivans+on+09+May+2016|coldrain|2016-05-09|null|null|Paris|France|92 boulevard de Clichy 75018 
http://www.last.fm/event/4194574+Andrew+Bird+at+Le+Trianon+on+09+May+2016|Andrew Bird|2016-05-09|7:00pm|null|Paris|France|80, boulevard de Rochechouart 75018 
http://www.last.fm/event/4216862+An+Evening+With+Mark+Lanegan|An Evening With Mark Lanegan|2016-05-09|7:30pm|null|Paris|France|21 rue Yves-Toudic 75010 
http://www.last.fm/event/4225594+Adam+Green+at+Gait%C3%A9+Lyrique+on+09+May+2016|Adam Green|2016-05-09|7:30pm|null|Paris|France|
http://www.last.fm/event/4234451+Tacocat+at+La+M%C3%A9canique+Ondulatoire+on+09+May+2016|Tacocat|2016-05-09|8:00pm|null|Paris|France|8, passage Thiéré 75011 
http://www.last.fm/event/4237695+Bachar+Mar-Khalif%C3%A9|Bachar Mar-Khalifé|2016-05-10|8:00pm|null|Paris|France|3bis rue Papin 75003 
http://www.last.fm/event/4201818+The+Exploited+at+Glazart+on+11+May+2016|The Exploited|2016-05-11|null|null|Paris|France|7/15 avenue de la Porte de la Villette 75019 
http://www.last.fm/event/4216445+The+Dandy+Warhols+at+Le+Trianon+on+10+May+2016|The Dandy Warhols|2016-05-10|8:30pm|null|Paris|France|80, boulevard de Rochechouart 75018 
http://www.last.fm/event/4240584+Black+Rainbows+at+La+M%C3%A9canique+Ondulatoire+on+11+May+2016|Black Rainbows|2016-05-11|null|null|Paris|France|8, passage Thiéré 75011 
http://www.last.fm/event/4222414+The+Dali+Thundering+Concept+at+Le+Gibus+Caf%C3%A9+on+10+May+2016|The Dali Thundering Concept|2016-05-10|null|null|Paris|France|127 Rue Saint-Maur 75011 
http://www.last.fm/event/4217517+Me+First+and+the+Gimme+Gimmes+at+La+Machine+du+Moulin+Rouge+on+11+May+2016|Me First and the Gimme Gimmes|2016-05-11|null|null|Paris|France|90, boulevard de Clichy 75018 
http://www.last.fm/event/4219285+Bullitt+at+Siroco+on+05+May+2016|Bullitt|2016-05-05|null|null|Madrid|Spain|Calle de San Dimas, 3 28015 
http://www.last.fm/event/4218757+Bullitt|Bullitt|2016-05-05|null|null|Madrid|Spain|Calle de San Dimas, 3 28015 
http://www.last.fm/event/4206450+Sick+of+It+All+at+Cats+on+05+May+2016|Sick of It All|2016-05-05|7:00pm|null|Madrid|Spain|Calle Julián Romea, 4 28003 
http://www.last.fm/event/4242882+Silvio+Rodr%C3%ADguez+por+los+barrios|Silvio Rodríguez por los barrios|2016-05-04|8:30pm|null|Madrid|Spain|
http://www.last.fm/event/4200003+Sick+Of+It+All|Sick Of It All|2016-05-05|8:00pm|null|Madrid|Spain|Calle Julián Romea, 4 28003 
http://www.last.fm/event/4242929+Paco+Ib%C3%A1%C3%B1ez+at+Teatro+Nuevo+Apolo+on+06+May+2016|Paco Ibáñez|2016-05-06|null|null|Madrid|Spain|Plaza Tirso De Molina 1 28012 
http://www.last.fm/event/4242398+Joan+Colomo+at+Costello+Club+on+05+May+2016|Joan Colomo|2016-05-05|9:30pm|null|Madrid|Spain|Calle del Caballero de Gracia, 10 28013 
http://www.last.fm/event/4219312+The+Unfinished+Sympathy+at+Cop%C3%A9rnico+on+06+May+2016|The Unfinished Sympathy|2016-05-06|null|null|Madrid|Spain|Calle Fernández de los Ríos, 67 28015 
http://www.last.fm/event/4237358+%C3%91U+Gira+40+aniversario|ÑU Gira 40 aniversario|2016-05-06|9:00pm|null|Madrid|Spain|Calle del Arenal 11 28013 
http://www.last.fm/event/4239660+Cobra+%252B+Cohen|Cobra + Cohen|2016-05-06|10:00pm|null|Madrid|Spain|Calle de las Tres Cruces, 12 28013 
http://www.last.fm/event/4224678+M%C3%A4go+de+Oz+at+La+Riviera+on+07+May+2016|Mägo de Oz|2016-05-07|null|null|Madrid|Spain|Paseo Virgen del Puerto 28005 
http://www.last.fm/event/4241896+Cobra+at+Casino+Rock+Bar+on+07+May+2016|Cobra|2016-05-07|11:00pm|null|Esquivias|Spain|Plaza de España 14 45221 
http://www.last.fm/event/4242930+Paco+Ib%C3%A1%C3%B1ez+at+Teatro+Nuevo+Apolo+on+08+May+2016|Paco Ibáñez|2016-05-08|null|null|Madrid|Spain|Plaza Tirso De Molina 1 28012 
http://www.last.fm/event/4210704+Public+Image+Ltd.+at+Joy+Eslava+on+08+May+2016|Public Image Ltd.|2016-05-08|null|null|Madrid|Spain|Calle del Arenal 11 28013 
http://www.last.fm/event/4219626+Pony+Bravo+at+Teatro+Barcel%C3%B3+on+12+May+2016|Pony Bravo|2016-05-12|null|null|Madrid|Spain|Barceló 11 28004 
http://www.last.fm/event/4237252+Pounding+Metal+Fest|Pounding Metal Fest|2016-05-07|null|null|Madrid|Spain|Calle Julián Romea, 4 28003 
http://www.last.fm/event/4234318+Buzzcocks|Buzzcocks|2016-05-13|7:30pm|null|Madrid|Spain|Calle del Arenal 11 28013 
http://www.last.fm/event/4224503+Lords+of+Black+at+Chang%C3%B3+on+14+May+2016|Lords of Black|2016-05-14|null|null|Madrid|Spain|
http://www.last.fm/event/4219636+Juventud+Juch%C3%A9+at+Sala+Ochoymedio+Club+on+13+May+2016|Juventud Juché|2016-05-13|null|null|Madrid|Spain|c/ Barceló 11 28004 
http://www.last.fm/event/4242021+Valle+El%C3%A9ctrico+19+-+Kero+Kero+Bonito,+Ms+Nina,+Wi-Fiji+y+Valle+El%C3%A9ctrico+Djs|Valle Eléctrico 19 - Kero Kero Bonito, Ms Nina, Wi-Fiji y Valle Eléctrico Djs|2016-05-13|9:00pm|null|Madrid|Spain|La Palma, 62 28015 
http://www.last.fm/event/4226755+The+Wild+Feathers|The Wild Feathers|2016-05-14|12:30pm|null|Madrid|Spain|Calle de Galileo, 100 28015 
http://www.last.fm/event/4196977+La+Maravillosa+Orquesta+Del+Alcohol|La Maravillosa Orquesta Del Alcohol|2016-05-14|8:00pm|null|Madrid|Spain|Paseo Virgen del Puerto 28005 
http://www.last.fm/event/4196976+La+Maravillosa+Orquesta+Del+Alcohol|La Maravillosa Orquesta Del Alcohol|2016-05-14|8:00pm|null|Madrid|Spain|Paseo Virgen del Puerto 28005 
http://www.last.fm/event/4221082+The+Unfinished+Sympathy|The Unfinished Sympathy|2016-05-06|8:30pm|null|Madrid|Spain|Calle Fernández de los Ríos, 67 28015 
http://www.last.fm/event/4227696+Hamlet+at+El+Grito+on+14+May+2016|Hamlet|2016-05-14|9:00pm|null|Fuenlabrada|Spain|Calle de Pozuelo, 27 28945 
http://www.last.fm/event/4217746+David+Duchovny|David Duchovny|2016-05-15|9:00pm|null|Madrid|Spain|Calle del Arenal 11 28013 
http://www.last.fm/event/4240467+Peter+Bjorn+and+John+at+Chang%C3%B3+on+20+May+2016|Peter Bjorn and John|2016-05-20|8:00pm|null|Madrid|Spain|
http://www.last.fm/event/4240949+100%25+Psych+presenta:+PRINCE+RAMA+%252B+BLOOD+SPORT+en+Madrid|100% Psych presenta: PRINCE RAMA + BLOOD SPORT en Madrid|2016-05-19|10:00pm|null|Madrid|Spain|Calle de los Jardines, 3 28013 
http://www.last.fm/event/4226241+Cancelled|Cancelled|2016-05-24|null|null|Madrid|Spain|Calle de Atocha, 18 28012 
http://www.last.fm/event/4236248+Anari|Anari|2016-05-21|9:30pm|null|Madrid|Spain|Calle de San Dimas, 3 28015 
http://www.last.fm/event/4224126+Vargas+Blues+Band+at+Galileo+Galilei+on+25+May+2016|Vargas Blues Band|2016-05-25|null|null|Madrid|Spain|Calle de Galileo, 100 28015 
http://www.last.fm/event/4216984+An+Evening+With+Mark+Lanegan|An Evening With Mark Lanegan|2016-05-25|null|null|Madrid|Spain|Corredera baja de San Pablo, 7 28004 
http://www.last.fm/event/4234630+D.A.R.K.+at+Caracol+on+26+May+2016|D.A.R.K.|2016-05-26|null|null|Madrid|Spain|Bernardino Obregón 18 28012 
http://www.last.fm/event/4233857+CocoRosie|CocoRosie|2016-05-27|9:00pm|null|Madrid|Spain|Barceló 11 28004 
http://www.last.fm/event/4238615+Eli+Paperboy+Reed|Eli Paperboy Reed|2016-05-31|10:00pm|null|Madrid|Spain|Calle de los Jardines, 3 28013 
http://www.last.fm/event/4228989+Paul+McCartney+at+Estadio+Vicente+Calder%C3%B3n+on+02+June+2016|Paul McCartney|2016-06-02|null|null|Madrid|Spain|Calle del Duque de Tovar 28005 
http://www.last.fm/event/4241302+Container|Container|2016-05-27|12:00am|null|Madrid|Spain|Calle de San Dimas, 3 28015 
http://www.last.fm/event/4239424+Solstice+@We+Rock|Solstice @We Rock|2016-05-31|null|null|Madrid|Spain|
http://www.last.fm/event/4216768+Good+Riddance+%252B+Satanic+Surfers+%252B+Blowfuse+en+Cats+(Madrid)|Good Riddance + Satanic Surfers + Blowfuse en Cats (Madrid)|2016-06-03|null|null|Madrid|Spain|Calle Julián Romea, 4 28003 
http://www.last.fm/event/4212235+Good+Riddance+at+Cats+on+03+June+2016|Good Riddance|2016-06-03|8:00pm|null|Madrid|Spain|Calle Julián Romea, 4 28003 
http://www.last.fm/event/4216769+Elvis+Costello+at+Teatro+Monumental+on+05+June+2016|Elvis Costello|2016-06-05|null|null|Madrid|Spain|
http://www.last.fm/event/4216770+Elvis+Costello+at+Teatro+Monumental+on+05+June+2016|Elvis Costello|2016-06-05|null|null|Madrid|Spain|
http://www.last.fm/event/4229456+Drive+Like+Jehu+at+Caracol+on+10+June+2016|Drive Like Jehu|2016-06-10|null|null|Madrid|Spain|Bernardino Obregón 18 28012 
http://www.last.fm/event/4219286+Animal+Collective+at+Joy+Eslava+on+07+June+2016|Animal Collective|2016-06-07|8:00pm|null|Madrid|Spain|Calle del Arenal 11 28013 
http://www.last.fm/event/4241365+Night+Demon+at+Silikona+on+10+June+2016|Night Demon|2016-06-10|null|null|Madrid|Spain|Plaza del encuentro, 1 28030 
http://www.last.fm/event/4242666+Uli+Jon+Roth+at+Chang%C3%B3+on+11+June+2016|Uli Jon Roth|2016-06-11|null|null|Madrid|Spain|
http://www.last.fm/event/4241924+Somas+Cure+at+Sala+Arena+on+11+June+2016|Somas Cure|2016-06-11|7:30pm|null|Madrid|Spain|Princesa 1 28008 
http://www.last.fm/event/4223374+Zakk+Wylde+at+La+Riviera+on+13+June+2016|Zakk Wylde|2016-06-13|null|null|Madrid|Spain|Paseo Virgen del Puerto 28005 
http://www.last.fm/event/4231126+F%C3%96LLAKZOID+%252B+MOHAMA+SAZ+en+Madrid|FÖLLAKZOID + MOHAMA SAZ en Madrid|2016-06-14|10:00pm|null|Madrid|Spain|Calle de los Jardines, 3 28013 
